<metadata xml:lang="en"><Esri><CreaDate>20120911</CreaDate><CreaTime>10014200</CreaTime><SyncOnce>FALSE</SyncOnce><SyncDate>20170307</SyncDate><SyncTime>09242500</SyncTime><ModDate>20170307</ModDate><ModTime>09242500</ModTime><ArcGISFormat>1.0</ArcGISFormat><DataProperties><itemProps><itemName Sync="TRUE">DCNR_StateParks201703</itemName><itemLocation><linkage Sync="TRUE">file://\\ALCES\DATA\DCNR\201703\DCNR_StateParks201703.shp</linkage><protocol Sync="TRUE">Local Area Network</protocol></itemLocation><itemSize Sync="TRUE">1.124</itemSize><nativeExtBox><westBL Sync="TRUE">-692935.342697</westBL><eastBL Sync="TRUE">900086.382999</eastBL><southBL Sync="TRUE">270397.730163</southBL><northBL Sync="TRUE">1162906.344092</northBL><exTypeCode Sync="TRUE">1</exTypeCode></nativeExtBox><imsContentType Sync="TRUE" export="False">002</imsContentType></itemProps><coordRef><type Sync="TRUE">Projected</type><geogcsn Sync="TRUE">GCS_North_American_1983</geogcsn><projcsn Sync="TRUE">NAD_1983_Pennsylvania_DCNR_Custom_Feet</projcsn><peXml Sync="TRUE">&lt;ProjectedCoordinateSystem xsi:type='typens:ProjectedCoordinateSystem' xmlns:xsi='http://www.w3.org/2001/XMLSchema-instance' xmlns:xs='http://www.w3.org/2001/XMLSchema' xmlns:typens='http://www.esri.com/schemas/ArcGIS/10.4'&gt;&lt;WKT&gt;PROJCS[&amp;quot;NAD_1983_Pennsylvania_DCNR_Custom_Feet&amp;quot;,GEOGCS[&amp;quot;GCS_North_American_1983&amp;quot;,DATUM[&amp;quot;D_North_American_1983&amp;quot;,SPHEROID[&amp;quot;GRS_1980&amp;quot;,6378137.0,298.257222101]],PRIMEM[&amp;quot;Greenwich&amp;quot;,0.0],UNIT[&amp;quot;Degree&amp;quot;,0.0174532925199433]],PROJECTION[&amp;quot;Lambert_Conformal_Conic&amp;quot;],PARAMETER[&amp;quot;False_Easting&amp;quot;,0.0],PARAMETER[&amp;quot;False_Northing&amp;quot;,0.0],PARAMETER[&amp;quot;Central_Meridian&amp;quot;,-78.0],PARAMETER[&amp;quot;Standard_Parallel_1&amp;quot;,40.25],PARAMETER[&amp;quot;Standard_Parallel_2&amp;quot;,41.5],PARAMETER[&amp;quot;Latitude_Of_Origin&amp;quot;,39.0],UNIT[&amp;quot;Foot_US&amp;quot;,0.3048006096012192]]&lt;/WKT&gt;&lt;XOrigin&gt;-121008400&lt;/XOrigin&gt;&lt;YOrigin&gt;-96114000&lt;/YOrigin&gt;&lt;XYScale&gt;37217247.954443619&lt;/XYScale&gt;&lt;ZOrigin&gt;-100000&lt;/ZOrigin&gt;&lt;ZScale&gt;10000&lt;/ZScale&gt;&lt;MOrigin&gt;-100000&lt;/MOrigin&gt;&lt;MScale&gt;10000&lt;/MScale&gt;&lt;XYTolerance&gt;0.0032808333333333331&lt;/XYTolerance&gt;&lt;ZTolerance&gt;0.001&lt;/ZTolerance&gt;&lt;MTolerance&gt;0.001&lt;/MTolerance&gt;&lt;HighPrecision&gt;true&lt;/HighPrecision&gt;&lt;/ProjectedCoordinateSystem&gt;</peXml><csUnits Sync="TRUE">Linear Unit: Foot_US (0.304801)</csUnits></coordRef><lineage><Process ToolSource="D:\ESRI\ArcGISDesktop10\Desktop10.0\ArcToolbox\Toolboxes\Conversion Tools.tbx\FeatureClassToFeatureClass" Date="20110926" Time="122322" Name="" export="">FeatureClassToFeatureClass D:\PROJECTS\Pims\boundaries_sept_2011\State_Park_Boundary_9_26_11.shp "Database Connections\NRGISORAS04 - PIMS PROD.sde" BOUND_STATE_PARKS_SEPT_2011 # "OBJECTID "OBJECTID" true true false 9 Long 0 9 ,First,#,D:\PROJECTS\Pims\boundaries_sept_2011\State_Park_Boundary_9_26_11.shp,OBJECTID,-1,-1;ISORG "ISORG" true true false 4 Short 0 4 ,First,#,D:\PROJECTS\Pims\boundaries_sept_2011\State_Park_Boundary_9_26_11.shp,ISORG,-1,-1;PARK_NAME "PARK_NAME" true true false 35 Text 0 0 ,First,#,D:\PROJECTS\Pims\boundaries_sept_2011\State_Park_Boundary_9_26_11.shp,Park_Name,-1,-1;LEGAL_ACRE "LEGAL_ACRE" true true false 19 Double 0 0 ,First,#,D:\PROJECTS\Pims\boundaries_sept_2011\State_Park_Boundary_9_26_11.shp,Legal_Acre,-1,-1;GIS_ACRE "GIS_ACRE" true true false 19 Double 0 0 ,First,#,D:\PROJECTS\Pims\boundaries_sept_2011\State_Park_Boundary_9_26_11.shp,GIS_Acreag,-1,-1;SHAPE_Leng "SHAPE_Leng" true true false 19 Double 0 0 ,First,#,D:\PROJECTS\Pims\boundaries_sept_2011\State_Park_Boundary_9_26_11.shp,SHAPE_Leng,-1,-1;SHAPE_Area "SHAPE_Area" true true false 19 Double 0 0 ,First,#,D:\PROJECTS\Pims\boundaries_sept_2011\State_Park_Boundary_9_26_11.shp,SHAPE_Area,-1,-1;REVISED "REVISED" true true false 4 Text 0 0 ,First,#,D:\PROJECTS\Pims\boundaries_sept_2011\State_Park_Boundary_9_26_11.shp,Revised,-1,-1" #</Process><Process ToolSource="C:\Program Files\ArcGIS\Desktop10.0\ArcToolbox\Toolboxes\Data Management Tools.tbx\CalculateField" Date="20120919" Time="094514" Name="" export="">CalculateField PARK_BOUNDARY_2011 ICSORG [ISORG] VB #</Process><Process ToolSource="C:\Program Files\ArcGIS\Desktop10.0\ArcToolbox\Toolboxes\Data Management Tools.tbx\CalculateField" Date="20120919" Time="112239" Name="" export="">CalculateField PARK_BOUNDARY_2011 NICKNAMES [NICKNAME] VB #</Process><Process ToolSource="C:\Program Files\ArcGIS\Desktop10.0\ArcToolbox\Toolboxes\Data Management Tools.tbx\CalculateField" Date="20120919" Time="112350" Name="" export="">CalculateField PARK_BOUNDARY_2011 NICKNAMES [NICKNAME] VB #</Process><Process ToolSource="C:\Program Files\ArcGIS\Desktop10.0\ArcToolbox\Toolboxes\Data Management Tools.tbx\CalculateField" Date="20120919" Time="112404" Name="" export="">CalculateField PARK_BOUNDARY_2011 NICKNAMES [NICKNAME] VB #</Process><Process ToolSource="C:\Program Files\ArcGIS\Desktop10.0\ArcToolbox\Toolboxes\Data Management Tools.tbx\CalculateField" Date="20120919" Time="112433" Name="" export="">CalculateField PARK_BOUNDARY_2011 NICKNAMES [NICKNAME] VB #</Process><Process ToolSource="C:\Program Files\ArcGIS\Desktop10.0\ArcToolbox\Toolboxes\Data Management Tools.tbx\CalculateField" Date="20120928" Time="105747" Name="" export="">CalculateField BOUND_PA_PARKS_2012 UNIQUEID [ICSORG] VB #</Process><Process ToolSource="C:\Program Files\ArcGIS\Desktop10.0\ArcToolbox\Toolboxes\Data Management Tools.tbx\CopyFeatures" Date="20121002" Time="104948" Name="" export="">CopyFeatures Y:\Georges_Files\PIMS2_SHAPEFILES_COMPLETED\BOUND_PA_PARKS_2012.shp "Database Connections\Connection to NRGISDEVS02.sde\TEST.DBO.BOUND_PA_PARKS_2012" # 0 0 0</Process><Process ToolSource="C:\Program Files\ArcGIS\Desktop10.0\ArcToolbox\Toolboxes\Conversion Tools.tbx\FeatureClassToFeatureClass" Date="20121011" Time="155903" Name="" export="">FeatureClassToFeatureClass "Database Connections\Connection to NRGISDEVS02.sde\TEST.DBO.BOUND_PA_PARKS_2012" "C:\Users\gefacer\Desktop\New folder" boundaries_2012.shp # "PARK_NAME "PARK_NAME" true true false 35 Text 0 0 ,First,#,Database Connections\Connection to NRGISDEVS02.sde\TEST.DBO.BOUND_PA_PARKS_2012,PARK_NAME,-1,-1;GIS_ACRE "GIS_ACRE" true true false 8 Double 8 26 ,First,#,Database Connections\Connection to NRGISDEVS02.sde\TEST.DBO.BOUND_PA_PARKS_2012,GIS_ACRE,-1,-1;ICSORG "ICSORG" true true false 2 Short 0 5 ,First,#,Database Connections\Connection to NRGISDEVS02.sde\TEST.DBO.BOUND_PA_PARKS_2012,ICSORG,-1,-1;FILE_NAME "FILE_NAME" true true false 20 Text 0 0 ,First,#,Database Connections\Connection to NRGISDEVS02.sde\TEST.DBO.BOUND_PA_PARKS_2012,FILE_NAME,-1,-1;NICKNAMES "NICKNAMES" true true false 150 Text 0 0 ,First,#,Database Connections\Connection to NRGISDEVS02.sde\TEST.DBO.BOUND_PA_PARKS_2012,NICKNAMES,-1,-1;TYPE "TYPE" true true false 50 Text 0 0 ,First,#,Database Connections\Connection to NRGISDEVS02.sde\TEST.DBO.BOUND_PA_PARKS_2012,TYPE,-1,-1;WEBLINK "WEBLINK" true true false 254 Text 0 0 ,First,#,Database Connections\Connection to NRGISDEVS02.sde\TEST.DBO.BOUND_PA_PARKS_2012,WEBLINK,-1,-1;UNIQUEID "UNIQUEID" true true false 50 Text 0 0 ,First,#,Database Connections\Connection to NRGISDEVS02.sde\TEST.DBO.BOUND_PA_PARKS_2012,UNIQUEID,-1,-1;Shape_area "Shape_area" false false true 0 Double 0 0 ,First,#,Database Connections\Connection to NRGISDEVS02.sde\TEST.DBO.BOUND_PA_PARKS_2012,Shape.area,-1,-1;Shape_len "Shape_len" false false true 0 Double 0 0 ,First,#,Database Connections\Connection to NRGISDEVS02.sde\TEST.DBO.BOUND_PA_PARKS_2012,Shape.len,-1,-1" #</Process><Process ToolSource="c:\program files\arcgis\desktop10.0\ArcToolbox\Toolboxes\Data Management Tools.tbx\CopyFeatures" Date="20121016" Time="103317" Name="" export="">CopyFeatures "X:\GIS_covs\Park_Boundaries\Jacks_Working_Boundary_File\1-General Info\Boundaries_from_George_10.11.2012\boundaries_2012.shp" "X:\GIS_covs\Park_Boundaries\Jacks_Working_Boundary_File\New File Geodatabase.gdb\boundaries_2012" # 0 0 0</Process><Process ToolSource="c:\program files\arcgis\desktop10.0\ArcToolbox\Toolboxes\Data Management Tools.tbx\Append" Date="20121016" Time="150855" Name="" export="">Append Glatfelter_Parcels_10.16.2012 boundaries_2012 NO_TEST "PARK_NAME "PARK_NAME" true true false 35 Text 0 0 ,First,#;GIS_ACRE "GIS_ACRE" true true false 8 Double 0 0 ,First,#;ICSORG "ICSORG" true true false 4 Long 0 0 ,First,#;FILE_NAME "FILE_NAME" true true false 20 Text 0 0 ,First,#;NICKNAMES "NICKNAMES" true true false 150 Text 0 0 ,First,#;TYPE "TYPE" true true false 50 Text 0 0 ,First,#;WEBLINK "WEBLINK" true true false 254 Text 0 0 ,First,#;UNIQUEID "UNIQUEID" true true false 50 Text 0 0 ,First,#;Shape_Length "Shape_Length" false true true 8 Double 0 0 ,First,#;Shape_Area "Shape_Area" false true true 8 Double 0 0 ,First,#" #</Process><Process ToolSource="C:\Program Files\ArcGIS\Desktop10.0\ArcToolbox\Toolboxes\Data Management Tools.tbx\CalculateField" Date="20121016" Time="151148" Name="" export="">CalculateField boundaries_2012 GIS_ACRE [GIS_ACRE] VB #</Process><Process ToolSource="c:\program files\arcgis\desktop10.0\ArcToolbox\Toolboxes\Data Management Tools.tbx\Append" Date="20121018" Time="075503" Name="" export="">Append Ibberson_West boundaries_2012 NO_TEST "PARK_NAME "PARK_NAME" true true false 35 Text 0 0 ,First,#;GIS_ACRE "GIS_ACRE" true true false 8 Double 0 0 ,First,#;ICSORG "ICSORG" true true false 4 Long 0 0 ,First,#;FILE_NAME "FILE_NAME" true true false 20 Text 0 0 ,First,#;NICKNAMES "NICKNAMES" true true false 150 Text 0 0 ,First,#;TYPE "TYPE" true true false 50 Text 0 0 ,First,#;WEBLINK "WEBLINK" true true false 254 Text 0 0 ,First,#;UNIQUEID "UNIQUEID" true true false 50 Text 0 0 ,First,#;Shape_Length "Shape_Length" false true true 8 Double 0 0 ,First,#,X:\GIS_covs\Park_Boundaries\Jacks_Working_Boundary_File\BSP_BOUNDARIES_2012.gdb\Ibberson_West,SHAPE_Length,-1,-1;Shape_Area "Shape_Area" false true true 8 Double 0 0 ,First,#,X:\GIS_covs\Park_Boundaries\Jacks_Working_Boundary_File\BSP_BOUNDARIES_2012.gdb\Ibberson_West,SHAPE_Area,-1,-1;Date_Revised "Date_Revised" true true false 8 Date 0 0 ,First,#" #</Process><Process ToolSource="c:\program files\arcgis\desktop10.0\ArcToolbox\Toolboxes\Data Management Tools.tbx\Append" Date="20121018" Time="080255" Name="" export="">Append X:\GIS_covs\Park_Boundaries\Jacks_Working_Boundary_File\BSP_BOUNDARIES_2012.gdb\Ibberson_West X:\GIS_covs\Park_Boundaries\Jacks_Working_Boundary_File\BSP_BOUNDARIES_2012.gdb\boundaries_2012 NO_TEST "PARK_NAME "PARK_NAME" true true false 35 Text 0 0 ,First,#;GIS_ACRE "GIS_ACRE" true true false 8 Double 0 0 ,First,#;ICSORG "ICSORG" true true false 4 Long 0 0 ,First,#;FILE_NAME "FILE_NAME" true true false 20 Text 0 0 ,First,#;NICKNAMES "NICKNAMES" true true false 150 Text 0 0 ,First,#;TYPE "TYPE" true true false 50 Text 0 0 ,First,#;WEBLINK "WEBLINK" true true false 254 Text 0 0 ,First,#;UNIQUEID "UNIQUEID" true true false 50 Text 0 0 ,First,#;Shape_Length "Shape_Length" false true true 8 Double 0 0 ,First,#,X:\GIS_covs\Park_Boundaries\Jacks_Working_Boundary_File\BSP_BOUNDARIES_2012.gdb\Ibberson_West,SHAPE_Length,-1,-1;Shape_Area "Shape_Area" false true true 8 Double 0 0 ,First,#,X:\GIS_covs\Park_Boundaries\Jacks_Working_Boundary_File\BSP_BOUNDARIES_2012.gdb\Ibberson_West,SHAPE_Area,-1,-1;Date_Revised "Date_Revised" true true false 8 Date 0 0 ,First,#" #</Process><Process ToolSource="C:\Program Files\ArcGIS\Desktop10.0\ArcToolbox\Toolboxes\Data Management Tools.tbx\Append" Date="20121018" Time="083422" Name="" export="">Append X:\GIS_covs\Park_Boundaries\Jacks_Working_Boundary_File\BSP_BOUNDARIES_2012.gdb\Ibberson_West X:\GIS_covs\Park_Boundaries\Jacks_Working_Boundary_File\BSP_BOUNDARIES_2012.gdb\boundaries_2012 NO_TEST "PARK_NAME "PARK_NAME" true true false 35 Text 0 0 ,First,#;GIS_ACRE "GIS_ACRE" true true false 8 Double 0 0 ,First,#;ICSORG "ICSORG" true true false 4 Long 0 0 ,First,#;FILE_NAME "FILE_NAME" true true false 20 Text 0 0 ,First,#;NICKNAMES "NICKNAMES" true true false 150 Text 0 0 ,First,#;TYPE "TYPE" true true false 50 Text 0 0 ,First,#;WEBLINK "WEBLINK" true true false 254 Text 0 0 ,First,#;UNIQUEID "UNIQUEID" true true false 50 Text 0 0 ,First,#;Shape_Length "Shape_Length" false true true 8 Double 0 0 ,First,#,X:\GIS_covs\Park_Boundaries\Jacks_Working_Boundary_File\BSP_BOUNDARIES_2012.gdb\Ibberson_West,SHAPE_Length,-1,-1;Shape_Area "Shape_Area" false true true 8 Double 0 0 ,First,#,X:\GIS_covs\Park_Boundaries\Jacks_Working_Boundary_File\BSP_BOUNDARIES_2012.gdb\Ibberson_West,SHAPE_Area,-1,-1;Date_Revised "Date_Revised" true true false 8 Date 0 0 ,First,#" #</Process><Process ToolSource="C:\Program Files\ArcGIS\Desktop10.0\ArcToolbox\Toolboxes\Data Management Tools.tbx\Append" Date="20121018" Time="085315" Name="" export="">Append New_Shapefile boundaries_2012 NO_TEST "PARK_NAME "PARK_NAME" true true false 35 Text 0 0 ,First,#;GIS_ACRE "GIS_ACRE" true true false 8 Double 0 0 ,First,#;ICSORG "ICSORG" true true false 4 Long 0 0 ,First,#;FILE_NAME "FILE_NAME" true true false 20 Text 0 0 ,First,#;NICKNAMES "NICKNAMES" true true false 150 Text 0 0 ,First,#;TYPE "TYPE" true true false 50 Text 0 0 ,First,#;WEBLINK "WEBLINK" true true false 254 Text 0 0 ,First,#;UNIQUEID "UNIQUEID" true true false 50 Text 0 0 ,First,#;Shape_Length "Shape_Length" false true true 8 Double 0 0 ,First,#;Shape_Area "Shape_Area" false true true 8 Double 0 0 ,First,#;Date_Revised "Date_Revised" true true false 8 Date 0 0 ,First,#" #</Process><Process ToolSource="C:\Program Files\ArcGIS\Desktop10.0\ArcToolbox\Toolboxes\Data Management Tools.tbx\Append" Date="20121018" Time="103520" Name="" export="">Append New_Shapefile boundaries_2012 NO_TEST "PARK_NAME "PARK_NAME" true true false 35 Text 0 0 ,First,#;GIS_ACRE "GIS_ACRE" true true false 8 Double 0 0 ,First,#;ICSORG "ICSORG" true true false 4 Long 0 0 ,First,#;FILE_NAME "FILE_NAME" true true false 20 Text 0 0 ,First,#;NICKNAMES "NICKNAMES" true true false 150 Text 0 0 ,First,#;TYPE "TYPE" true true false 50 Text 0 0 ,First,#;WEBLINK "WEBLINK" true true false 254 Text 0 0 ,First,#;UNIQUEID "UNIQUEID" true true false 50 Text 0 0 ,First,#;Shape_Length "Shape_Length" false true true 8 Double 0 0 ,First,#;Shape_Area "Shape_Area" false true true 8 Double 0 0 ,First,#;Date_Revised "Date_Revised" true true false 8 Date 0 0 ,First,#" #</Process><Process ToolSource="C:\Program Files\ArcGIS\Desktop10.0\ArcToolbox\Toolboxes\Data Management Tools.tbx\CalculateField" Date="20121204" Time="134225" Name="" export="">CalculateField boundaries_2012 GIS_ACRE [GIS_ACRE] VB #</Process><Process ToolSource="C:\Program Files\ArcGIS\Desktop10.0\ArcToolbox\Toolboxes\Data Management Tools.tbx\CalculateField" Date="20121204" Time="134302" Name="" export="">CalculateField boundaries_2012 GIS_ACRE [GIS_ACRE] VB #</Process><Process ToolSource="C:\Program Files\ArcGIS\Desktop10.0\ArcToolbox\Toolboxes\Data Management Tools.tbx\CalculateField" Date="20121204" Time="134331" Name="" export="">CalculateField boundaries_2012 GIS_ACRE [GIS_ACRE] VB #</Process><Process ToolSource="c:\program files\arcgis\desktop10.1\ArcToolbox\Toolboxes\Conversion Tools.tbx\FeatureClassToFeatureClass" Date="20140130" Time="143458" Name="" export="">FeatureClassToFeatureClass Y:\Planning_Section\General_GEN\GIS\Park_Boundaries\Jacks_Working_Boundary_File\BSP_BOUNDARIES_2012.gdb\boundaries_2012 Y:\Planning_Section\General_GEN\GIS\Park_Boundaries\Jacks_Working_Boundary_File\2-Updated_Boundary_Layer_Shapefiles State_Park_Boundaries_01302014.shp # "PARK_NAME "PARK_NAME" true true false 35 Text 0 0 ,First,#,Y:\Planning_Section\General_GEN\GIS\Park_Boundaries\Jacks_Working_Boundary_File\BSP_BOUNDARIES_2012.gdb\boundaries_2012,PARK_NAME,-1,-1;GIS_ACRE "GIS_ACRE" true true false 8 Double 0 0 ,First,#,Y:\Planning_Section\General_GEN\GIS\Park_Boundaries\Jacks_Working_Boundary_File\BSP_BOUNDARIES_2012.gdb\boundaries_2012,GIS_ACRE,-1,-1;ICSORG "ICSORG" true true false 4 Long 0 0 ,First,#,Y:\Planning_Section\General_GEN\GIS\Park_Boundaries\Jacks_Working_Boundary_File\BSP_BOUNDARIES_2012.gdb\boundaries_2012,ICSORG,-1,-1;FILE_NAME "FILE_NAME" true true false 20 Text 0 0 ,First,#,Y:\Planning_Section\General_GEN\GIS\Park_Boundaries\Jacks_Working_Boundary_File\BSP_BOUNDARIES_2012.gdb\boundaries_2012,FILE_NAME,-1,-1;NICKNAMES "NICKNAMES" true true false 150 Text 0 0 ,First,#,Y:\Planning_Section\General_GEN\GIS\Park_Boundaries\Jacks_Working_Boundary_File\BSP_BOUNDARIES_2012.gdb\boundaries_2012,NICKNAMES,-1,-1;TYPE "TYPE" true true false 50 Text 0 0 ,First,#,Y:\Planning_Section\General_GEN\GIS\Park_Boundaries\Jacks_Working_Boundary_File\BSP_BOUNDARIES_2012.gdb\boundaries_2012,TYPE,-1,-1;WEBLINK "WEBLINK" true true false 254 Text 0 0 ,First,#,Y:\Planning_Section\General_GEN\GIS\Park_Boundaries\Jacks_Working_Boundary_File\BSP_BOUNDARIES_2012.gdb\boundaries_2012,WEBLINK,-1,-1;UNIQUEID "UNIQUEID" true true false 50 Text 0 0 ,First,#,Y:\Planning_Section\General_GEN\GIS\Park_Boundaries\Jacks_Working_Boundary_File\BSP_BOUNDARIES_2012.gdb\boundaries_2012,UNIQUEID,-1,-1;Shape_Leng "Shape_Length" false true true 8 Double 0 0 ,First,#,Y:\Planning_Section\General_GEN\GIS\Park_Boundaries\Jacks_Working_Boundary_File\BSP_BOUNDARIES_2012.gdb\boundaries_2012,Shape_Length,-1,-1;Shape_Area "Shape_Area" false true true 8 Double 0 0 ,First,#,Y:\Planning_Section\General_GEN\GIS\Park_Boundaries\Jacks_Working_Boundary_File\BSP_BOUNDARIES_2012.gdb\boundaries_2012,Shape_Area,-1,-1" #</Process><Process ToolSource="c:\program files\arcgis\desktop10.1\ArcToolbox\Toolboxes\Conversion Tools.tbx\FeatureClassToFeatureClass" Date="20140131" Time="083848" Name="" export="">FeatureClassToFeatureClass C:\Users\gefacer\Desktop\boundaries2013\State_Park_Boundaries_01302014.shp "Database Connections\BSP (ADMIN) on NRgisprdsqls01.sde\BSP.BSP_DBO.PA_PARK_BOUNDARIES" PA_PARK_CARTOGRAPHIC_BOUNDARY # "PARK_NAME "PARK_NAME" true true false 35 Text 0 0 ,First,#,C:\Users\gefacer\Desktop\boundaries2013\State_Park_Boundaries_01302014.shp,PARK_NAME,-1,-1;GIS_ACRE "GIS_ACRE" true true false 19 Double 0 0 ,First,#,C:\Users\gefacer\Desktop\boundaries2013\State_Park_Boundaries_01302014.shp,GIS_ACRE,-1,-1;ICSORG "ICSORG" true true false 9 Long 0 9 ,First,#,C:\Users\gefacer\Desktop\boundaries2013\State_Park_Boundaries_01302014.shp,ICSORG,-1,-1;FILE_NAME "FILE_NAME" true true false 20 Text 0 0 ,First,#,C:\Users\gefacer\Desktop\boundaries2013\State_Park_Boundaries_01302014.shp,FILE_NAME,-1,-1;NICKNAMES "NICKNAMES" true true false 150 Text 0 0 ,First,#,C:\Users\gefacer\Desktop\boundaries2013\State_Park_Boundaries_01302014.shp,NICKNAMES,-1,-1;TYPE "TYPE" true true false 50 Text 0 0 ,First,#,C:\Users\gefacer\Desktop\boundaries2013\State_Park_Boundaries_01302014.shp,TYPE,-1,-1;WEBLINK "WEBLINK" true true false 254 Text 0 0 ,First,#,C:\Users\gefacer\Desktop\boundaries2013\State_Park_Boundaries_01302014.shp,WEBLINK,-1,-1;UNIQUEID "UNIQUEID" true true false 50 Text 0 0 ,First,#,C:\Users\gefacer\Desktop\boundaries2013\State_Park_Boundaries_01302014.shp,UNIQUEID,-1,-1;Shape_Leng "Shape_Leng" true true false 19 Double 0 0 ,First,#,C:\Users\gefacer\Desktop\boundaries2013\State_Park_Boundaries_01302014.shp,Shape_Leng,-1,-1;Shape_Area "Shape_Area" true true false 19 Double 0 0 ,First,#,C:\Users\gefacer\Desktop\boundaries2013\State_Park_Boundaries_01302014.shp,Shape_Area,-1,-1" #</Process><Process ToolSource="c:\program files (x86)\arcgis\desktop10.2\ArcToolbox\Toolboxes\Conversion Tools.tbx\FeatureClassToFeatureClass" Date="20170306" Time="112000" Name="" export="">FeatureClassToFeatureClass "Database Connections\NRGISPRDSQLS01_BSPDBO.sde\BSP.BSP_DBO.PA_PARK_BOUNDARIES\BSP.BSP_DBO.PA_PARK_CARTOGRAPHIC_BOUNDARY" "D:\SPATIAL_DATA\state parks\Mar_2017" State_Park_Boundaries_03062017.shp # "PARK_NAME "PARK_NAME" true true false 35 Text 0 0 ,First,#,Database Connections\NRGISPRDSQLS01_BSPDBO.sde\BSP.BSP_DBO.PA_PARK_BOUNDARIES\BSP.BSP_DBO.PA_PARK_CARTOGRAPHIC_BOUNDARY,PARK_NAME,-1,-1;GIS_ACRE "GIS_ACRE" true true false 8 Double 8 38 ,First,#,Database Connections\NRGISPRDSQLS01_BSPDBO.sde\BSP.BSP_DBO.PA_PARK_BOUNDARIES\BSP.BSP_DBO.PA_PARK_CARTOGRAPHIC_BOUNDARY,GIS_ACRE,-1,-1;ICSORG "ICSORG" true true false 4 Long 0 10 ,First,#,Database Connections\NRGISPRDSQLS01_BSPDBO.sde\BSP.BSP_DBO.PA_PARK_BOUNDARIES\BSP.BSP_DBO.PA_PARK_CARTOGRAPHIC_BOUNDARY,ICSORG,-1,-1;FILE_NAME "FILE_NAME" true true false 20 Text 0 0 ,First,#,Database Connections\NRGISPRDSQLS01_BSPDBO.sde\BSP.BSP_DBO.PA_PARK_BOUNDARIES\BSP.BSP_DBO.PA_PARK_CARTOGRAPHIC_BOUNDARY,FILE_NAME,-1,-1;NICKNAMES "NICKNAMES" true true false 150 Text 0 0 ,First,#,Database Connections\NRGISPRDSQLS01_BSPDBO.sde\BSP.BSP_DBO.PA_PARK_BOUNDARIES\BSP.BSP_DBO.PA_PARK_CARTOGRAPHIC_BOUNDARY,NICKNAMES,-1,-1;TYPE "TYPE" true true false 50 Text 0 0 ,First,#,Database Connections\NRGISPRDSQLS01_BSPDBO.sde\BSP.BSP_DBO.PA_PARK_BOUNDARIES\BSP.BSP_DBO.PA_PARK_CARTOGRAPHIC_BOUNDARY,TYPE,-1,-1;WEBLINK "WEBLINK" true true false 254 Text 0 0 ,First,#,Database Connections\NRGISPRDSQLS01_BSPDBO.sde\BSP.BSP_DBO.PA_PARK_BOUNDARIES\BSP.BSP_DBO.PA_PARK_CARTOGRAPHIC_BOUNDARY,WEBLINK,-1,-1;Shape_STAr "Shape.STArea()" false false true 0 Double 0 0 ,First,#,Database Connections\NRGISPRDSQLS01_BSPDBO.sde\BSP.BSP_DBO.PA_PARK_BOUNDARIES\BSP.BSP_DBO.PA_PARK_CARTOGRAPHIC_BOUNDARY,Shape.STArea(),-1,-1;Shape_STLe "Shape.STLength()" false false true 0 Double 0 0 ,First,#,Database Connections\NRGISPRDSQLS01_BSPDBO.sde\BSP.BSP_DBO.PA_PARK_BOUNDARIES\BSP.BSP_DBO.PA_PARK_CARTOGRAPHIC_BOUNDARY,Shape.STLength(),-1,-1" #</Process></lineage><copyHistory><copy source="Y:\Georges_Files\PIMS2_SHAPEFILES_ROUGH\PARK_BOUNDARY_2011" dest="\\nrsanfiles01\rmpd\Georges_Files\PIMS2_SHAPEFILES_COMPLETED\PARK_BOUNDARY_2011" date="20120919" time="11392500"/></copyHistory></DataProperties><scaleRange><minScale>150000000</minScale><maxScale>5000</maxScale></scaleRange><ArcGISProfile>FGDC</ArcGISProfile></Esri><dataIdInfo><idPurp>To outline the general boundary of State Parks.</idPurp><idAbs>&lt;DIV STYLE="text-align:Left;"&gt;&lt;DIV&gt;&lt;DIV&gt;&lt;P&gt;&lt;SPAN&gt;The State Park Boundary data layer is to be used to depict the approximate boundary of State Park Land. This file is not to be used as a survey to determine property lines. Data exported on 03/06/2017.&lt;/SPAN&gt;&lt;/P&gt;&lt;/DIV&gt;&lt;/DIV&gt;&lt;/DIV&gt;</idAbs><idCredit>DCNR - Bureau of State Parks</idCredit><searchKeys><keyword>State Parks</keyword><keyword>recreation areas</keyword><keyword>society</keyword><keyword>Society</keyword></searchKeys><resConst><Consts xmlns=""><useLimit>&lt;DIV STYLE="text-align:Left;"&gt;&lt;DIV&gt;&lt;DIV&gt;&lt;P&gt;&lt;SPAN&gt;Only for the purpose to identify the general location of State Parks&lt;/SPAN&gt;&lt;/P&gt;&lt;/DIV&gt;&lt;/DIV&gt;&lt;/DIV&gt;</useLimit></Consts></resConst><envirDesc Sync="TRUE">Microsoft Windows 7 Version 6.1 (Build 7601) Service Pack 1; Esri ArcGIS 10.4.1.5686</envirDesc><dataLang><languageCode value="eng" Sync="TRUE"/><countryCode value="USA" Sync="TRUE"/></dataLang><idCitation><resTitle Sync="FALSE">State Park Boundaries 2017</resTitle><presForm><PresFormCd value="005" Sync="TRUE"/></presForm></idCitation><spatRpType><SpatRepTypCd value="001" Sync="TRUE"/></spatRpType><dataExt><geoEle xmlns=""><GeoBndBox esriExtentType="search"><exTypeCode Sync="TRUE">1</exTypeCode><westBL Sync="TRUE">-80.555686</westBL><eastBL Sync="TRUE">-74.680947</eastBL><northBL Sync="TRUE">42.191699</northBL><southBL Sync="TRUE">39.696995</southBL></GeoBndBox></geoEle></dataExt></dataIdInfo><eainfo><detailed Name="DCNR_StateParks201703"><enttyp><enttypl Sync="TRUE">DCNR_StateParks201703</enttypl><enttypt Sync="TRUE">Feature Class</enttypt><enttypc Sync="TRUE">121</enttypc></enttyp><attr><attrlabl>FID</attrlabl><attrdef>Internal feature number.</attrdef><attrdefs>ESRI</attrdefs><attrdomv><udom>Sequential unique whole numbers that are automatically generated.</udom></attrdomv><attalias Sync="TRUE">FID</attalias><attrtype Sync="TRUE">OID</attrtype><attwidth Sync="TRUE">4</attwidth><atprecis Sync="TRUE">0</atprecis><attscale Sync="TRUE">0</attscale></attr><attr><attrlabl>Shape</attrlabl><attrdef>Feature geometry.</attrdef><attrdefs>ESRI</attrdefs><attrdomv><udom>Coordinates defining the features.</udom></attrdomv><attalias Sync="TRUE">Shape</attalias><attrtype Sync="TRUE">Geometry</attrtype><attwidth Sync="TRUE">0</attwidth><atprecis Sync="TRUE">0</atprecis><attscale Sync="TRUE">0</attscale></attr><attr><attrlabl Sync="TRUE">Park_Name</attrlabl><attalias Sync="TRUE">PARK_NAME</attalias><attrtype Sync="TRUE">String</attrtype><attwidth Sync="TRUE">35</attwidth><atprecis Sync="TRUE">0</atprecis><attscale Sync="TRUE">0</attscale></attr><attr><attrlabl Sync="TRUE">GIS_ACRE</attrlabl><attalias Sync="TRUE">GIS_ACRE</attalias><attrtype Sync="TRUE">Double</attrtype><attwidth Sync="TRUE">19</attwidth><atprecis Sync="TRUE">18</atprecis><attscale Sync="TRUE">8</attscale></attr><attr><attrlabl Sync="TRUE">ICSORG</attrlabl><attalias Sync="TRUE">ICSORG</attalias><attrtype Sync="TRUE">Integer</attrtype><attwidth Sync="TRUE">10</attwidth><atprecis Sync="TRUE">10</atprecis><attscale Sync="TRUE">0</attscale></attr><attr><attrlabl Sync="TRUE">NICKNAMES</attrlabl><attalias Sync="TRUE">NICKNAMES</attalias><attrtype Sync="TRUE">String</attrtype><attwidth Sync="TRUE">150</attwidth><atprecis Sync="TRUE">0</atprecis><attscale Sync="TRUE">0</attscale></attr><attr><attrlabl Sync="TRUE">TYPE</attrlabl><attalias Sync="TRUE">TYPE</attalias><attrtype Sync="TRUE">String</attrtype><attwidth Sync="TRUE">50</attwidth><atprecis Sync="TRUE">0</atprecis><attscale Sync="TRUE">0</attscale></attr><attr><attrlabl Sync="TRUE">WEBLINK</attrlabl><attalias Sync="TRUE">WEBLINK</attalias><attrtype Sync="TRUE">String</attrtype><attwidth Sync="TRUE">254</attwidth><atprecis Sync="TRUE">0</atprecis><attscale Sync="TRUE">0</attscale></attr><attr><attrlabl Sync="TRUE">Shape_STAr</attrlabl><attalias Sync="TRUE">Shape_STAr</attalias><attrtype Sync="TRUE">Double</attrtype><attwidth Sync="TRUE">19</attwidth><atprecis Sync="TRUE">0</atprecis><attscale Sync="TRUE">0</attscale></attr><attr><attrlabl Sync="TRUE">Shape_STLe</attrlabl><attalias Sync="TRUE">Shape_STLe</attalias><attrtype Sync="TRUE">Double</attrtype><attwidth Sync="TRUE">19</attwidth><atprecis Sync="TRUE">0</atprecis><attscale Sync="TRUE">0</attscale></attr></detailed></eainfo><mdLang><languageCode value="eng" Sync="TRUE"/><countryCode value="USA" Sync="TRUE"/></mdLang><distInfo><distFormat><formatName Sync="TRUE">Shapefile</formatName></distFormat><distTranOps><transSize Sync="TRUE">1.124</transSize></distTranOps></distInfo><mdHrLv><ScopeCd value="005" Sync="TRUE"/></mdHrLv><mdHrLvName Sync="TRUE">dataset</mdHrLvName><refSysInfo><RefSystem><refSysID><identCode code="0" Sync="TRUE"/></refSysID></RefSystem></refSysInfo><spatRepInfo><VectSpatRep><geometObjs Name="DCNR_StateParks201703"><geoObjTyp><GeoObjTypCd value="002" Sync="TRUE"></GeoObjTypCd></geoObjTyp><geoObjCnt Sync="TRUE">121</geoObjCnt></geometObjs><topLvl><TopoLevCd value="001" Sync="TRUE"></TopoLevCd></topLvl></VectSpatRep></spatRepInfo><spdoinfo><ptvctinf><esriterm Name="DCNR_StateParks201703"><efeatyp Sync="TRUE">Simple</efeatyp><efeageom code="4" Sync="TRUE"></efeageom><esritopo Sync="TRUE">FALSE</esritopo><efeacnt Sync="TRUE">121</efeacnt><spindex Sync="TRUE">FALSE</spindex><linrefer Sync="TRUE">FALSE</linrefer></esriterm></ptvctinf></spdoinfo><mdDateSt Sync="TRUE">20170307</mdDateSt><mdChar><CharSetCd value="004"></CharSetCd></mdChar></metadata>
