<?xml version="1.0"?>
<!--<!DOCTYPE metadata SYSTEM "http://www.esri.com/metadata/esriprof80.dtd">-->
<metadata xml:lang="en"><Esri><CreaDate>201201</CreaDate><CreaTime>13464700</CreaTime><SyncOnce>FALSE</SyncOnce><DataProperties><lineage><Process ToolSource="C:\Program Files\ArcGIS\ArcToolbox\Toolboxes\Data Management Tools.tbx\DefineProjection" Date="20100813" Time="082015">DefineProjection Shippensburg PROJCS['NAD_1983_StatePlane_Pennsylvania_North_FIPS_3701',GEOGCS['GCS_North_American_1983',DATUM['D_North_American_1983',SPHEROID['GRS_1980',6378137.0,298.257222101]],PRIMEM['Greenwich',0.0],UNIT['Degree',0.0174532925199433]],PROJECTION['Lambert_Conformal_Conic'],PARAMETER['False_Easting',600000.0],PARAMETER['False_Northing',0.0],PARAMETER['Central_Meridian',-77.75],PARAMETER['Standard_Parallel_1',40.88333333333333],PARAMETER['Standard_Parallel_2',41.95],PARAMETER['Latitude_Of_Origin',40.16666666666666],UNIT['Meter',1.0]] Shippensburg</Process><Process ToolSource="C:\Program Files\ArcGIS\ArcToolbox\Toolboxes\Data Management Tools.tbx\DefineProjection" Date="20100813" Time="082140">DefineProjection Shippensburg PROJCS['NAD_1983_StatePlane_Pennsylvania_South_FIPS_3702',GEOGCS['GCS_North_American_1983',DATUM['D_North_American_1983',SPHEROID['GRS_1980',6378137.0,298.257222101]],PRIMEM['Greenwich',0.0],UNIT['Degree',0.0174532925199433]],PROJECTION['Lambert_Conformal_Conic'],PARAMETER['False_Easting',600000.0],PARAMETER['False_Northing',0.0],PARAMETER['Central_Meridian',-77.75],PARAMETER['Standard_Parallel_1',39.93333333333333],PARAMETER['Standard_Parallel_2',40.96666666666667],PARAMETER['Latitude_Of_Origin',39.33333333333334],UNIT['Meter',1.0]] Shippensburg</Process><Process Name="Define Projection" ToolSource="C:\Program Files\ArcGIS\ArcToolbox\Toolboxes\Data Management Tools.tbx\DefineProjection" Date="20100813" Time="082835">DefineProjection Shippensburg GEOGCS['NAD83_GEO',DATUM['D_North_American_1983',SPHEROID['GRS_1980',6378137.0,298.257222101]],PRIMEM['&lt;custom&gt;',0.0],UNIT['Degree',0.0174532925199433]] Shippensburg</Process><Process ToolSource="C:\Program Files\ArcGIS\ArcToolbox\Toolboxes\Data Management Tools.tbx\DefineProjection" Date="20100813" Time="083105">DefineProjection Shippensburg PROJCS['NAD_1983_StatePlane_Pennsylvania_North_FIPS_3701_Feet',GEOGCS['GCS_North_American_1983',DATUM['D_North_American_1983',SPHEROID['GRS_1980',6378137.0,298.257222101]],PRIMEM['Greenwich',0.0],UNIT['Degree',0.0174532925199433]],PROJECTION['Lambert_Conformal_Conic'],PARAMETER['False_Easting',1968500.0],PARAMETER['False_Northing',0.0],PARAMETER['Central_Meridian',-77.75],PARAMETER['Standard_Parallel_1',40.88333333333333],PARAMETER['Standard_Parallel_2',41.95],PARAMETER['Latitude_Of_Origin',40.16666666666666],UNIT['Foot_US',0.3048006096012192]] Shippensburg</Process><Process ToolSource="C:\Program Files\ArcGIS\ArcToolbox\Toolboxes\Data Management Tools.tbx\DefineProjection" Date="20100813" Time="084212">DefineProjection Shippensburg PROJCS['NAD_1983_StatePlane_Pennsylvania_North_FIPS_3701_Feet',GEOGCS['GCS_North_American_1983',DATUM['D_North_American_1983',SPHEROID['GRS_1980',6378137.0,298.257222101]],PRIMEM['Greenwich',0.0],UNIT['Degree',0.0174532925199433]],PROJECTION['Lambert_Conformal_Conic'],PARAMETER['False_Easting',1968500.0],PARAMETER['False_Northing',0.0],PARAMETER['Central_Meridian',-77.75],PARAMETER['Standard_Parallel_1',40.88333333333333],PARAMETER['Standard_Parallel_2',41.95],PARAMETER['Latitude_Of_Origin',40.16666666666666],UNIT['Foot_US',0.3048006096012192]] Shippensburg</Process><Process ToolSource="C:\Program Files\ArcGIS\ArcToolbox\Toolboxes\Data Management Tools.tbx\DefineProjection" Date="20100813" Time="090820">DefineProjection Shippensburg PROJCS['NAD_1983_StatePlane_Pennsylvania_South_FIPS_3702_Feet',GEOGCS['GCS_North_American_1983',DATUM['D_North_American_1983',SPHEROID['GRS_1980',6378137.0,298.257222101]],PRIMEM['Greenwich',0.0],UNIT['Degree',0.0174532925199433]],PROJECTION['Lambert_Conformal_Conic'],PARAMETER['False_Easting',1968500.0],PARAMETER['False_Northing',0.0],PARAMETER['Central_Meridian',-77.75],PARAMETER['Standard_Parallel_1',39.93333333333333],PARAMETER['Standard_Parallel_2',40.96666666666667],PARAMETER['Latitude_Of_Origin',39.33333333333334],UNIT['Foot_US',0.3048006096012192]] Shippensburg</Process><Process ToolSource="C:\Program Files\ArcGIS\ArcToolbox\Toolboxes\Data Management Tools.tbx\Merge" Date="20100823" Time="090344">Merge Shippensburg;Schuylkill;Quakertown;PittsburghMonroeville;Indiana;Greenville;Greene;Gettysburg;Franklin;Bedford;Beaver;Allentown;Somerset;York;Pocono;Northumberland;JerseyShore;Hazleton;Danville;ClearfieldLawrence;Clarion;BradfordCounty;Bloomsburg;Sunbury;StroudsburgPocono;WellsboroJohnston;Mifflin;Albert;Skyhaven;SevenSprings;SeamansField;Rostraver;RockyHill;Rock;RidgeSoaring;ReigleField;Punxsutawney;PottstownLimerick;Pottstown;PortMeadville;Piper;PerkiomenValley;PennValley;PennsCave;Pennridge;NewGarden;NewCastle;Morgantown;Mifflintown;MidAtlanticSoaring_est;McVille;McGinness;LazyBRanch;Lakehill;Kutztown;KellerBrothers;JakeArner;InterCounty;Hanover;GroveCity;Grimes;GreensburgJeannette;FlyingMAerodrome;FinleyvilleAirpark;FarmersPride;Ebensburg;Doylestown;DonegalSprings;Deck;CoveValley;Corry_Lawrence;Connellsville;CherryRidge;CentreAirpark;Carlisle;ButterValley;ButlerFarmShow;Brokenstraw;Brandywine;BradenAirpark;BlueKnobValley;Bendigo;Baublitz;Bandel;Titusville;StMarys;SpringHill;Smoketown;Slatington;Vansant;WingsField;Zelienople;MountPleasant;FlyingDollar;ShoestringAviation;InterCounty3;Beltzville "R:\penndot shared\GIS\GIS Master files\GIS Shape Files\Shape by Airport\airports\Shippensburg_Merge.shp" "Handle 'Handle' true true false 16 Text 0 0 ,First,#,Shippensburg,Handle,-1,-1,Schuylkill,Handle,-1,-1,Quakertown,Handle,-1,-1,Greenville,Handle,-1,-1,Gettysburg,Handle,-1,-1,Franklin,Handle,-1,-1,Allentown,Handle,-1,-1,York,Handle,-1,-1,Pocono,Handle,-1,-1,Northumberland,Handle,-1,-1,JerseyShore,Handle,-1,-1,Hazleton,Handle,-1,-1,Danville,Handle,-1,-1,ClearfieldLawrence,Handle,-1,-1,Clarion,Handle,-1,-1,BradfordCounty,Handle,-1,-1,Bloomsburg,Handle,-1,-1,Sunbury,Handle,-1,-1,StroudsburgPocono,Handle,-1,-1,WellsboroJohnston,Handle,-1,-1,Mifflin,Handle,-1,-1,Albert,Handle,-1,-1,Skyhaven,Handle,-1,-1,SeamansField,Handle,-1,-1,RockyHill,Handle,-1,-1,RidgeSoaring,Handle,-1,-1,ReigleField,Handle,-1,-1,Punxsutawney,Handle,-1,-1,PottstownLimerick,Handle,-1,-1,Pottstown,Handle,-1,-1,PortMeadville,Handle,-1,-1,Piper,Handle,-1,-1,PerkiomenValley,Handle,-1,-1,PennValley,Handle,-1,-1,PennsCave,Handle,-1,-1,Pennridge,Handle,-1,-1,NewGarden,Handle,-1,-1,Morgantown,Handle,-1,-1,Mifflintown,Handle,-1,-1,MidAtlanticSoaring_est,Handle,-1,-1,McGinness,Handle,-1,-1,LazyBRanch,Handle,-1,-1,Kutztown,Handle,-1,-1,KellerBrothers,Handle,-1,-1,JakeArner,Handle,-1,-1,Hanover,Handle,-1,-1,GroveCity,Handle,-1,-1,Grimes,Handle,-1,-1,FlyingMAerodrome,Handle,-1,-1,FarmersPride,Handle,-1,-1,Doylestown,Handle,-1,-1,DonegalSprings,Handle,-1,-1,Deck,Handle,-1,-1,Corry_Lawrence,Handle,-1,-1,CherryRidge,Handle,-1,-1,CentreAirpark,Handle,-1,-1,Carlisle,Handle,-1,-1,ButterValley,Handle,-1,-1,Brokenstraw,Handle,-1,-1,Brandywine,Handle,-1,-1,BradenAirpark,Handle,-1,-1,Bendigo,Handle,-1,-1,Baublitz,Handle,-1,-1,Titusville,Handle,-1,-1,StMarys,Handle,-1,-1,SpringHill,Handle,-1,-1,Smoketown,Handle,-1,-1,Slatington,Handle,-1,-1,Vansant,Handle,-1,-1,WingsField,Handle,-1,-1,MountPleasant,Handle,-1,-1,FlyingDollar,Handle,-1,-1,ShoestringAviation,Handle,-1,-1,InterCounty3,Handle,-1,-1,Beltzville,Handle,-1,-1;Layer 'Layer' true true false 254 Text 0 0 ,First,#,Shippensburg,Layer,-1,-1,Schuylkill,Layer,-1,-1,Quakertown,Layer,-1,-1,PittsburghMonroeville,LAYER,-1,-1,Indiana,LAYER,-1,-1,Greenville,Layer,-1,-1,Greene,LAYER,-1,-1,Gettysburg,Layer,-1,-1,Franklin,Layer,-1,-1,Bedford,LAYER,-1,-1,Beaver,LAYER,-1,-1,Allentown,Layer,-1,-1,Somerset,LAYER,-1,-1,York,Layer,-1,-1,Pocono,Layer,-1,-1,Northumberland,Layer,-1,-1,JerseyShore,Layer,-1,-1,Hazleton,Layer,-1,-1,Danville,Layer,-1,-1,ClearfieldLawrence,Layer,-1,-1,Clarion,Layer,-1,-1,BradfordCounty,Layer,-1,-1,Bloomsburg,Layer,-1,-1,Sunbury,Layer,-1,-1,StroudsburgPocono,Layer,-1,-1,WellsboroJohnston,Layer,-1,-1,Mifflin,Layer,-1,-1,Albert,Layer,-1,-1,Skyhaven,Layer,-1,-1,SevenSprings,LAYER,-1,-1,SeamansField,Layer,-1,-1,Rostraver,LAYER,-1,-1,RockyHill,Layer,-1,-1,Rock,LAYER,-1,-1,RidgeSoaring,Layer,-1,-1,ReigleField,Layer,-1,-1,Punxsutawney,Layer,-1,-1,PottstownLimerick,Layer,-1,-1,Pottstown,Layer,-1,-1,PortMeadville,Layer,-1,-1,Piper,Layer,-1,-1,PerkiomenValley,Layer,-1,-1,PennValley,Layer,-1,-1,PennsCave,Layer,-1,-1,Pennridge,Layer,-1,-1,NewGarden,Layer,-1,-1,NewCastle,LAYER,-1,-1,Morgantown,Layer,-1,-1,Mifflintown,Layer,-1,-1,MidAtlanticSoaring_est,Layer,-1,-1,McVille,LAYER,-1,-1,McGinness,Layer,-1,-1,LazyBRanch,Layer,-1,-1,Lakehill,LAYER,-1,-1,Kutztown,Layer,-1,-1,KellerBrothers,Layer,-1,-1,JakeArner,Layer,-1,-1,InterCounty,LAYER,-1,-1,Hanover,Layer,-1,-1,GroveCity,Layer,-1,-1,Grimes,Layer,-1,-1,GreensburgJeannette,LAYER,-1,-1,FlyingMAerodrome,Layer,-1,-1,FinleyvilleAirpark,LAYER,-1,-1,FarmersPride,Layer,-1,-1,Ebensburg,LAYER,-1,-1,Doylestown,Layer,-1,-1,DonegalSprings,Layer,-1,-1,Deck,Layer,-1,-1,CoveValley,LAYER,-1,-1,Corry_Lawrence,Layer,-1,-1,Connellsville,LAYER,-1,-1,CherryRidge,Layer,-1,-1,CentreAirpark,Layer,-1,-1,Carlisle,Layer,-1,-1,ButterValley,Layer,-1,-1,ButlerFarmShow,LAYER,-1,-1,Brokenstraw,Layer,-1,-1,Brandywine,Layer,-1,-1,BradenAirpark,Layer,-1,-1,BlueKnobValley,LAYER,-1,-1,Bendigo,Layer,-1,-1,Baublitz,Layer,-1,-1,Bandel,LAYER,-1,-1,Titusville,Layer,-1,-1,StMarys,Layer,-1,-1,SpringHill,Layer,-1,-1,Smoketown,Layer,-1,-1,Slatington,Layer,-1,-1,Vansant,Layer,-1,-1,WingsField,Layer,-1,-1,Zelienople,LAYER,-1,-1,MountPleasant,Layer,-1,-1,FlyingDollar,Layer,-1,-1,ShoestringAviation,Layer,-1,-1,InterCounty3,Layer,-1,-1,Beltzville,Layer,-1,-1;LyrHandle 'LyrHandle' true true false 16 Text 0 0 ,First,#,Shippensburg,LyrHandle,-1,-1,Schuylkill,LyrHandle,-1,-1,Quakertown,LyrHandle,-1,-1,Greenville,LyrHandle,-1,-1,Gettysburg,LyrHandle,-1,-1,Franklin,LyrHandle,-1,-1,Allentown,LyrHandle,-1,-1,York,LyrHandle,-1,-1,Pocono,LyrHandle,-1,-1,Northumberland,LyrHandle,-1,-1,JerseyShore,LyrHandle,-1,-1,Hazleton,LyrHandle,-1,-1,Danville,LyrHandle,-1,-1,ClearfieldLawrence,LyrHandle,-1,-1,Clarion,LyrHandle,-1,-1,BradfordCounty,LyrHandle,-1,-1,Bloomsburg,LyrHandle,-1,-1,Sunbury,LyrHandle,-1,-1,StroudsburgPocono,LyrHandle,-1,-1,WellsboroJohnston,LyrHandle,-1,-1,Mifflin,LyrHandle,-1,-1,Albert,LyrHandle,-1,-1,Skyhaven,LyrHandle,-1,-1,SeamansField,LyrHandle,-1,-1,RockyHill,LyrHandle,-1,-1,RidgeSoaring,LyrHandle,-1,-1,ReigleField,LyrHandle,-1,-1,Punxsutawney,LyrHandle,-1,-1,PottstownLimerick,LyrHandle,-1,-1,Pottstown,LyrHandle,-1,-1,PortMeadville,LyrHandle,-1,-1,Piper,LyrHandle,-1,-1,PerkiomenValley,LyrHandle,-1,-1,PennValley,LyrHandle,-1,-1,PennsCave,LyrHandle,-1,-1,Pennridge,LyrHandle,-1,-1,NewGarden,LyrHandle,-1,-1,Morgantown,LyrHandle,-1,-1,Mifflintown,LyrHandle,-1,-1,MidAtlanticSoaring_est,LyrHandle,-1,-1,McGinness,LyrHandle,-1,-1,LazyBRanch,LyrHandle,-1,-1,Kutztown,LyrHandle,-1,-1,KellerBrothers,LyrHandle,-1,-1,JakeArner,LyrHandle,-1,-1,Hanover,LyrHandle,-1,-1,GroveCity,LyrHandle,-1,-1,Grimes,LyrHandle,-1,-1,FlyingMAerodrome,LyrHandle,-1,-1,FarmersPride,LyrHandle,-1,-1,Doylestown,LyrHandle,-1,-1,DonegalSprings,LyrHandle,-1,-1,Deck,LyrHandle,-1,-1,Corry_Lawrence,LyrHandle,-1,-1,CherryRidge,LyrHandle,-1,-1,CentreAirpark,LyrHandle,-1,-1,Carlisle,LyrHandle,-1,-1,ButterValley,LyrHandle,-1,-1,Brokenstraw,LyrHandle,-1,-1,Brandywine,LyrHandle,-1,-1,BradenAirpark,LyrHandle,-1,-1,Bendigo,LyrHandle,-1,-1,Baublitz,LyrHandle,-1,-1,Titusville,LyrHandle,-1,-1,StMarys,LyrHandle,-1,-1,SpringHill,LyrHandle,-1,-1,Smoketown,LyrHandle,-1,-1,Slatington,LyrHandle,-1,-1,Vansant,LyrHandle,-1,-1,WingsField,LyrHandle,-1,-1,MountPleasant,LyrHandle,-1,-1,FlyingDollar,LyrHandle,-1,-1,ShoestringAviation,LyrHandle,-1,-1,InterCounty3,LyrHandle,-1,-1,Beltzville,LyrHandle,-1,-1"</Process></lineage></DataProperties><SyncDate>201201</SyncDate><SyncTime>13464700</SyncTime><ModDate>201201</ModDate><ModTime>13471400</ModTime><MetaID>{7F3A97C5-8187-4A01-9A14-8FFAA503FD1D}</MetaID></Esri><idinfo><native Sync="TRUE">Microsoft Windows XP Version 5.1 (Build 2600) Service Pack 3; ESRI ArcCatalog 9.3.1.4000</native><descript><langdata Sync="TRUE">en</langdata><abstract>FAA Part 77 Surface Areas for each public use airport in Pennsylvania.  This file includes the five FAA-designated surface areas for each airport and was developed for the statewide Airport Hazard Zoning workshops held through the summer of 2010.</abstract><purpose>Public information and support for transportation planning, design and development.</purpose><supplinf>http://www.dot.state.pa.us</supplinf></descript><citation><citeinfo><origin>Pennsylvania Department of Transportation, Bureau of Aviation</origin><pubdate>201302</pubdate><title>PENNDOT - Pennsylvania Airports Part 77 Surface Areas 2010</title><ftname Sync="TRUE">PAAirportPart77_201201</ftname><geoform Sync="TRUE">vector digital data</geoform><onlink>http://www.pasda.psu.edu</onlink><pubinfo><pubplace>Harrisburg, PA</pubplace><publish>Pennsylvania Department of Transportation</publish></pubinfo></citeinfo></citation><timeperd><current>publication date</current><timeinfo><sngdate><caldate>201302</caldate></sngdate></timeinfo></timeperd><status><progress>Complete</progress><update>As needed</update></status><spdom><bounding><westbc Sync="TRUE">-80.497742</westbc><eastbc Sync="TRUE">-75.005895</eastbc><northbc Sync="TRUE">41.951660</northbc><southbc Sync="TRUE">39.698697</southbc></bounding><lboundng><leftbc Sync="TRUE">1220576.445970</leftbc><rightbc Sync="TRUE">2715433.111942</rightbc><bottombc Sync="TRUE">144355.466663</bottombc><topbc Sync="TRUE">953976.320499</topbc></lboundng><minalti Sync="TRUE">0.000000</minalti><maxalti Sync="TRUE">0.000000</maxalti></spdom><keywords><theme><themekt>ISO Metadata Standard 19115.3</themekt><themekey>transportation</themekey></theme></keywords><accconst>none</accconst><useconst>The user shall indemnify, save harmless, and, if requested, defend the COMMONWEALTH, their officers, agents, and employees from and against any suits, claims, or actions for injury, death, or property damage arising out of the use of or any defect in the FILES or any accompanying documentation.

The COMMONWEALTH excludes any and all implied warranties, including warranties or merchantability and fitness for a particular purpose.

The COMMONWEALTH makes no warranty or representation, either express or implied, with respect to the FILES or accompanying documentation, including its quality, performance, merchantability, or fitness for a particular purpose. The FILES and documentation are provided "as is" and the USER assumes the entire risk as to its quality and performance.

The COMMONWEALTH will not be liable for any direct, indirect, special, incidental, or consequential damages arising out of the use or inability to use the FILES or any accompanying documentation.

The USER is granted permission to translate and add value to the FILES for the use of the FILES on its computer hardware; provided, however, that the USER annually notify the UNIVERSITY / COMMONWEALTH of any customizing or value-adding work done.

Any customized or value added versions of the files will contain the following disclaimer:

THIS IS NOT A PENNSYLVANIA DEPARTMENT OF TRANSPORTATION APPROVED FILE. THE DEPARTMENT OF TRANSPORTATION RETAINS THE MASTER FILES.

THE USER AGREES AND UNDERSTANDS THAT IT MAY NOT FURTHER DISTRIBUTE THE FILES TO A THIRD PARTY.

If you have any questions or problems, contact the ORGANIZATION where you acquired the data.</useconst><natvform Sync="TRUE">Shapefile</natvform><ptcontac><cntinfo><cntperp><cntorg>Pennsylvania Department of Transportation, Bureau of Aviation</cntorg><cntper>Edie Letherby </cntper></cntperp><cntaddr><addrtype>mailing address</addrtype><address>P.O. Box 3457</address><city>Harrisburg</city><state>Pennsylvania</state><postal>17105-3457</postal><country>United States</country></cntaddr><cntvoice>(717) 705-1214 </cntvoice><cntemail>eletherby@state.pa.us</cntemail></cntinfo></ptcontac></idinfo><dataIdInfo><envirDesc Sync="TRUE">Microsoft Windows XP Version 5.1 (Build 2600) Service Pack 3; ESRI ArcCatalog 9.3.1.4000</envirDesc><dataLang><languageCode Sync="TRUE" value="en"></languageCode></dataLang><idCitation><resTitle Sync="TRUE">PAAirportPart77_201201</resTitle><presForm><PresFormCd Sync="TRUE" value="005"></PresFormCd></presForm></idCitation><spatRpType><SpatRepTypCd Sync="TRUE" value="001"></SpatRepTypCd></spatRpType><dataExt><geoEle><GeoBndBox esriExtentType="native"><westBL Sync="TRUE">1220576.44597</westBL><eastBL Sync="TRUE">2715433.111942</eastBL><northBL Sync="TRUE">953976.320499</northBL><southBL Sync="TRUE">144355.466663</southBL><exTypeCode Sync="TRUE">1</exTypeCode></GeoBndBox></geoEle></dataExt><geoBox esriExtentType="decdegrees"><westBL Sync="TRUE">-80.497742</westBL><eastBL Sync="TRUE">-75.005895</eastBL><northBL Sync="TRUE">41.95166</northBL><southBL Sync="TRUE">39.698697</southBL><exTypeCode Sync="TRUE">1</exTypeCode></geoBox></dataIdInfo><metainfo><langmeta Sync="TRUE">en</langmeta><metstdn Sync="TRUE">FGDC Content Standards for Digital Geospatial Metadata</metstdn><metstdv Sync="TRUE">FGDC-STD-001-1998</metstdv><mettc Sync="TRUE">local time</mettc><metc><cntinfo><cntorgp><cntorg>Pennsylvania Spatial Data Access (PASDA)</cntorg></cntorgp><cntaddr><addrtype>mailing address</addrtype><city>University Park</city><state>Pennsylvania</state><postal>16802</postal><address>115 Land and Water Building</address><country>United States</country></cntaddr><cntvoice>814-865-8792</cntvoice><cntfax>814-865-3378</cntfax><cntemail>pasda@psu.edu</cntemail></cntinfo></metc><metd>201302</metd><metextns><onlink Sync="TRUE">http://www.esri.com/metadata/esriprof80.html</onlink><metprof Sync="TRUE">ESRI Metadata Profile</metprof></metextns></metainfo><mdLang><languageCode Sync="TRUE" value="en"></languageCode></mdLang><mdStanName Sync="TRUE">ISO 19115 Geographic Information - Metadata</mdStanName><mdStanVer Sync="TRUE">DIS_ESRI1.0</mdStanVer><mdChar><CharSetCd Sync="TRUE" value="004"></CharSetCd></mdChar><mdHrLv><ScopeCd Sync="TRUE" value="005"></ScopeCd></mdHrLv><mdHrLvName Sync="TRUE">dataset</mdHrLvName><distinfo><resdesc Sync="TRUE">Downloadable Data</resdesc><stdorder><digform><digtinfo><transize Sync="TRUE">2.969</transize><dssize Sync="TRUE">2.969</dssize></digtinfo></digform></stdorder><distrib><cntinfo><cntorgp><cntorg>Pennsylvania Spatial Data Access (PASDA)</cntorg></cntorgp><cntaddr><addrtype>mailing address</addrtype><address>115 Land and Water building</address><city>University Park</city><state>Pennsylvania</state><postal>16802</postal><country>United States</country></cntaddr><cntvoice>(814) 865 - 8792</cntvoice><cntemail>pasda@psu.edu</cntemail></cntinfo></distrib><distliab>The USER shall indemnify, save harmless, and, if requested, defend those parties involved with the development and distribution of this data, their officers, agents, and employees from and against any suits, claims, or actions for injury, death, or property damage arising out of the use of or any defect in the FILES or any accompanying documentation. Those parties involved with the development and distribution excluded any and all implied warranties, including warranties or merchantability and fitness for a particular purpose and makes no warranty or representation, either express or implied, with respect to the FILES or accompanying documentation, including its quality, performance, merchantability, or fitness for a particular purpose. The FILES and documentation are provided "as is" and the USER assumes the entire risk as to its quality and performance. Those parties involved with the development and distribution of this data will not be liable for any direct, indirect, special, incidental, or consequential damages arising out of the use or inability to use the FILES or any accompanying documentation.</distliab></distinfo><distInfo><distributor><distorTran><onLineSrc><orDesc Sync="TRUE">002</orDesc><linkage Sync="TRUE">file://\\PC-36\D\PennDOT\runway\PAAirportPart77_201201.shp</linkage><protocol Sync="TRUE">Local Area Network</protocol></onLineSrc><transSize Sync="TRUE">2.969</transSize></distorTran><distorFormat><formatName Sync="TRUE">Shapefile</formatName></distorFormat></distributor></distInfo><spdoinfo><direct Sync="TRUE">Vector</direct><ptvctinf><esriterm Name="PAAirportPart77_201201"><efeatyp Sync="TRUE">Simple</efeatyp><efeageom Sync="TRUE">Polygon</efeageom><esritopo Sync="TRUE">FALSE</esritopo><efeacnt Sync="TRUE">607</efeacnt><spindex Sync="TRUE">TRUE</spindex><linrefer Sync="TRUE">TRUE</linrefer></esriterm><sdtsterm Name="PAAirportPart77_201201"><sdtstype Sync="TRUE">G-polygon</sdtstype><ptvctcnt Sync="TRUE">607</ptvctcnt></sdtsterm></ptvctinf></spdoinfo><spref><horizsys><cordsysn><geogcsn Sync="TRUE">GCS_North_American_1983</geogcsn><projcsn Sync="TRUE">NAD_1983_StatePlane_Pennsylvania_South_FIPS_3702_Feet</projcsn></cordsysn><planar><planci><plance Sync="TRUE">coordinate pair</plance><plandu Sync="TRUE">survey feet</plandu><coordrep><absres Sync="TRUE">0.000000</absres><ordres Sync="TRUE">0.000000</ordres></coordrep></planci><mapproj><mapprojn Sync="TRUE">Lambert Conformal Conic</mapprojn><lambertc><stdparll Sync="TRUE">39.933333</stdparll><stdparll Sync="TRUE">40.966667</stdparll><longcm Sync="TRUE">-77.750000</longcm><latprjo Sync="TRUE">39.333333</latprjo><feast Sync="TRUE">1968500.000000</feast><fnorth Sync="TRUE">0.000000</fnorth></lambertc></mapproj></planar><geodetic><horizdn Sync="TRUE">North American Datum of 1983</horizdn><ellips Sync="TRUE">Geodetic Reference System 80</ellips><semiaxis Sync="TRUE">6378137.000000</semiaxis><denflat Sync="TRUE">298.257222</denflat></geodetic></horizsys><vertdef><altsys><altenc Sync="TRUE">Explicit elevation coordinate included with horizontal coordinates</altenc><altres Sync="TRUE">0.000100</altres></altsys></vertdef></spref><refSysInfo><RefSystem><refSysID><identCode Sync="TRUE">NAD_1983_StatePlane_Pennsylvania_South_FIPS_3702_Feet</identCode></refSysID></RefSystem></refSysInfo><spatRepInfo><VectSpatRep><topLvl><TopoLevCd Sync="TRUE" value="001"></TopoLevCd></topLvl><geometObjs Name="PAAirportPart77_201201"><geoObjTyp><GeoObjTypCd Sync="TRUE" value="001"></GeoObjTypCd></geoObjTyp><geoObjCnt Sync="TRUE">607</geoObjCnt></geometObjs></VectSpatRep></spatRepInfo><eainfo><detailed Name="PAAirportPart77_201201"><enttyp><enttypl>PAAirportPart77_201302</enttypl><enttypt Sync="TRUE">Feature Class</enttypt><enttypc Sync="TRUE">607</enttypc></enttyp><attr><attrlabl Sync="TRUE">FID</attrlabl><attalias Sync="TRUE">FID</attalias><attrtype Sync="TRUE">OID</attrtype><attwidth Sync="TRUE">4</attwidth><atprecis Sync="TRUE">0</atprecis><attscale Sync="TRUE">0</attscale><attrdef Sync="TRUE">Internal feature number.</attrdef><attrdefs Sync="TRUE">ESRI</attrdefs><attrdomv><udom Sync="TRUE">Sequential unique whole numbers that are automatically generated.</udom></attrdomv></attr><attr><attrlabl Sync="TRUE">Shape</attrlabl><attalias Sync="TRUE">Shape</attalias><attrtype Sync="TRUE">Geometry</attrtype><attwidth Sync="TRUE">0</attwidth><atprecis Sync="TRUE">0</atprecis><attscale Sync="TRUE">0</attscale><attrdef Sync="TRUE">Feature geometry.</attrdef><attrdefs Sync="TRUE">ESRI</attrdefs><attrdomv><udom Sync="TRUE">Coordinates defining the features.</udom></attrdomv></attr><attr><attrlabl Sync="TRUE">Handle</attrlabl><attalias Sync="TRUE">Handle</attalias><attrtype Sync="TRUE">String</attrtype><attwidth Sync="TRUE">16</attwidth></attr><attr><attrlabl Sync="TRUE">Layer</attrlabl><attalias Sync="TRUE">Layer</attalias><attrtype Sync="TRUE">String</attrtype><attwidth Sync="TRUE">254</attwidth></attr><attr><attrlabl Sync="TRUE">LyrHandle</attrlabl><attalias Sync="TRUE">LyrHandle</attalias><attrtype Sync="TRUE">String</attrtype><attwidth Sync="TRUE">16</attwidth></attr><attr><attrlabl Sync="TRUE">Airport</attrlabl><attalias Sync="TRUE">Airport</attalias><attrtype Sync="TRUE">String</attrtype><attwidth Sync="TRUE">75</attwidth></attr><attr><attrlabl Sync="TRUE">AIRPORT_ID</attrlabl><attalias Sync="TRUE">AIRPORT_ID</attalias><attrtype Sync="TRUE">String</attrtype><attwidth Sync="TRUE">3</attwidth></attr></detailed></eainfo><mdDateSt Sync="TRUE">201201</mdDateSt><dataqual><lineage><procstep><procdesc Sync="TRUE">Dataset copied.</procdesc><srcused Sync="TRUE">D:\PennDOT\runway\PAAirportPart77_201008</srcused><procdate Sync="TRUE">201201</procdate><proctime Sync="TRUE">12571700</proctime></procstep><procstep><procdesc Sync="TRUE">Metadata imported.</procdesc><srcused Sync="TRUE">D:\PennDOT\runway\PAAirportPart77_201008.xml</srcused><procdate Sync="TRUE">201201</procdate><proctime Sync="TRUE">13464700</proctime></procstep></lineage></dataqual></metadata>
